Country,A3Code,X,Y,Status,Description,Vaccination
Afghanistan,AFG,66.026881,33.831602,Open with restrictions,Most visitors from the United States need to provide a negative COVID-19 test result to enter Afghanistan.,2.08% of population has been vaccinated
Albania,ALB,20.066643,41.138926,Open with restrictions,"Unvaccinated visitors from the United States can enter Albania with a negative COVID-19 test result.

Fully vaccinated visitors from the United States can enter Albania without restrictions.","34.10% of population has been vaccinated"
Algeria,DZA,2.678028,28.157361,Open with restrictions,Most visitors from the United States will not be allowed to enter American Samoa.,13.49% of population has been vaccinated
American Samoa,ASM,-170.71806,-14.300686,Closed,,
Angola,AGO,17.577532,-12.337524,Open with restrictions,Most visitors from the United States need to provide a negative COVID-19 test result and quarantine to enter Angola.,11.16% of population has been vaccinated
Anguilla,AIA,-63.054596,18.214755,Open with restrictions,"Unvaccinated visitors from the United States need to provide a negative COVID-19 test result and quarantine to enter Anguilla.

Fully vaccinated visitors from the United States can enter Anguilla without restrictions.",63.13% of population has been vaccinated
Antigua and Barbuda,ATG,-61.799256,17.077306,Open with restrictions,"Unvaccinated visitors from the United States will not be allowed to enter Antigua And Barbuda.

Vaccinated visitors from the United States can enter Antigua And Barbuda with a negative COVID-19 test result.",55.81% of population has been vaccinated
Argentina,ARG,-63.578123,-31.578414,Closed,Most visitors from the United States will not be allowed to enter Argentina.,68.36% of population has been vaccinated
Armenia,ARM,44.938387,40.295005,Open with restrictions,"Unvaccinated visitors from the United States can enter Armenia with a negative COVID-19 test result.

Fully vaccinated visitors from the United States can enter Armenia without restrictions.",11.59% of population has been vaccinated
Aruba,ABW,-69.970272,12.50911,Open with restrictions,Most visitors from the United States need to provide a negative COVID-19 test result to enter Aruba.,76.60% of population has been vaccinated
Australia,AUS,134.3547,-25.5732,Closed,Most visitors from the United States will not be allowed to enter Australia.,71.26% of population has been vaccinated
Austria,AUT,14.141702,47.58705,Open with restrictions,"Unvaccinated visitors from the United States need to provide a negative COVID-19 test result and quarantine to enter Austria.

Fully vaccinated visitors from the United States can enter Austria without restrictions.",64.34% of population has been vaccinated
Azerbaijan,AZE,50.010647,40.392295,Open with restrictions,Most visitors from the United States need to provide a negative COVID-19 test result to enter Azerbaijan.,48.56% of population has been vaccinated
Bahamas,BHS,77.3963,25.0343,Open with restrictions,Most visitors from the United States need to provide a negative COVID-19 test result to enter The Bahamas.,33.66% of population has been vaccinated
Bahrain,BHR,50.547509,26.054724,Closed,Most visitors from the United States will not be allowed to enter Bahrain.,66.99% of population has been vaccinated
Bangladesh,BGD,90.28042,23.927884,Open with restrictions,Most visitors from the United States need to provide a negative COVID-19 test result and quarantine to enter Bangladesh.,22.96% of population has been vaccinated
Barbados,BRB,-59.53546,13.13996,Open with restrictions,"Most visitors from the United States need to provide a negative COVID-19 test result and quarantine to enter Barbados.
",50.39% of population has been vaccinated
Belarus,BLR,28.0494,53.541933,Open with restrictions,"Unvaccinated visitors from the United States need to provide a negative COVID-19 test result and quarantine to enter Belarus.

Fully vaccinated visitors from the United States can enter Belarus without restrictions.",26.14% of population has been vaccinated
Belgium,BEL,4.660713,50.640947,Open with restrictions,"Unvaccinated visitors from the United States will not be allowed to enter Belgium.

Fully vaccinated visitors from the United States can enter Belgium without restrictions.",74.40% of population has been vaccinated
Belize,BLZ,-88.708794,17.19908,Open with restrictions,Most visitors from the United States need to provide a negative COVID-19 test result to enter Belize.,49.38% of population has been vaccinated
Benin,BEN,2.339979,9.653766,Closed,Most visitors from the United States will not be allowed to enter Benin.,1.74% of population has been vaccinated
Bermuda,BMU,-64.785473,32.279828,Open with restrictions,Most visitors from the United States need to provide a negative COVID-19 test result and quarantine to enter Bermuda.,72.50% of population has been vaccinated
Bhutan,BTN,90.427775,27.395175,Closed,Most visitors from the United States will not be allowed to enter Bhutan.,75.07% of population has been vaccinated
Bolivia,BOL,-64.662243,-16.712734,Open with restrictions,Most visitors from the United States need to provide a negative COVID-19 test result and quarantine to enter Bolivia.,36.82% of population has been vaccinated
Bosnia and Herzegovina,BIH,17.785036,44.168219,Open with restrictions,"Unvaccinated visitors from the United States can enter Bosnia and Herzegovina with a negative COVID-19 test result.

Fully vaccinated visitors from the United States can enter Bosnia and Herzegovina without restrictions.",22.50% of population has been vaccinated
Botswana,BWA,23.813802,-22.188101,Open with restrictions,Most visitors from the United States need to provide a negative COVID-19 test result to enter Botswana.,"
21.93% of population has been vaccinated"
Brazil,BRA,-53.089656,-10.772064,Open with restrictions,Most visitors from the United States need to provide a negative COVID-19 test result to enter Brazil.,73.23% of population has been vaccinated
British Virgin Islands,VGB,-64.59433,18.430285,Open with restrictions,"Unvaccinated visitors from the United States can enter the British Virgin Islands with a negative COVID-19 test result.

Fully vaccinated visitors from the United States can enter the British Virgin Islands without restrictions.",57.87% of population has been vaccinated
Brunei Darussalam,BRN,114.628856,4.49737,Closed,Most visitors from the United States will not be allowed to enter Brunei Darussalam.,77.99% of population has been vaccinated
Bulgaria,BGR,25.237625,42.757311,Open with restrictions,"Unvaccinated visitors from the United States can enter Bulgaria with a negative COVID-19 test result.

Fully vaccinated visitors from the United States can enter Bulgaria without restrictions.",20.41% of population has been vaccinated
Burkina Faso,BFA,-1.735501,12.273481,Open with restrictions,Most visitors from the United States need to provide a negative COVID-19 test result to enter Burkina Faso.,1.27% of population has been vaccinated
Burundi,BDI,29.890813,-3.366382,Open with restrictions,Most visitors from the United States need to provide a negative COVID-19 test result and quarantine to enter Burundi.,
Cambodia,KHM,104.922836,12.711638,Open with restrictions,Most visitors from the United States need to provide a negative COVID-19 test result and quarantine to enter Cambodia.,80.39% of population has been vaccinated
Cameroon,CMR,12.751782,5.69612,Closed,Most visitors from the United States will not be allowed to enter Cameroon.,1.49% of population has been vaccinated
Canada,CAN,-102.46617,58.040219,Open with restrictions,"Unvaccinated visitors from the United States will not be allowed to enter Canada.

Vaccinated visitors from the United States can enter Canada with a negative COVID-19 test result.",77.82% of population has been vaccinated
Cape Verde,CPV,-23.624781,15.083715,Open with restrictions,"Unvaccinated visitors from the United States can enter Cape Verde with a negative COVID-19 test result.

Fully vaccinated visitors from the United States can enter Cape Verde without restrictions.",50.93% of population has been vaccinated
Cayman Islands,CYM,-81.243444,19.318294,Open with restrictions,"Unvaccinated visitors from the United States will not be allowed to enter the Cayman Islands.

Vaccinated visitors from the United States need to provide a negative COVID-19 test result and quarantine to enter the Cayman Islands.
",83.88% of population has been vaccinated
Central African Republic,CAF,20.935595,7.003721,Open with restrictions,Most visitors from the United States need to provide a negative COVID-19 test result and quarantine to enter the Central African Republic.,4.99% of population has been vaccinated
Chad,TCD,18.666184,15.362793,Open with restrictions,Most visitors from the United States need to provide a negative COVID-19 test result and quarantine to enter Chad.,0.92% of population has been vaccinated
Chile,CHL,-71.21981,-35.226443,Open with restrictions,Most visitors from the United States need to provide a negative COVID-19 test result and quarantine to enter Chile.,83.93% of population has been vaccinated
China,CHN,104.140337,32.309904,Closed,Most visitors from the United States will not be allowed to enter China.,76.22% of population has been vaccinated
Colombia,COL,-73.079481,3.904939,Open,Most visitors from the United States can enter Colombia without restrictions.,56.04% of population has been vaccinated
Comoros,COM,43.354136,-11.66225,Open with restrictions,Most visitors from the United States need to provide a negative COVID-19 test result to enter the Comoros.,27.65% of population has been vaccinated
Cook Islands,COK,-159.77791,-21.23477,Closed,Most visitors from the United States will not be allowed to enter the Cook Islands.,69.98% of population has been vaccinated
Costa Rica,CRI,-84.193641,9.974905,Open,Most visitors from the United States can enter Costa Rica without restrictions.,70.00% of population has been vaccinated
Croatia,HRV,17.958746,45.451704,Open with restrictions,"Unvaccinated visitors from the United States can enter Croatia with a negative COVID-19 test result.

Fully vaccinated visitors from the United States can enter Croatia without restrictions.",45.94% of population has been vaccinated
Cuba,CUB,-79.54237,22.094607,Open with restrictions,Most visitors from the United States need to provide a negative COVID-19 test result and quarantine to enter Cuba.,86.01% of population has been vaccinated
Curaçao,CUW,-69.056155,12.230503,Open with restrictions,Most visitors from the United States need to provide a negative COVID-19 test result to enter Curaçao.,60.46% of population has been vaccinated
Cyprus,CYP,33.221964,35.05631,Open with restrictions,"Unvaccinated visitors from the United States need to provide a negative COVID-19 test result and quarantine to enter Cyprus.

Fully vaccinated visitors from the United States can enter Cyprus without restrictions.",67.12% of population has been vaccinated
Czech Republic,CZE,15.331513,49.73914,Open with restrictions,"Unvaccinated visitors from the United States will not be allowed to enter the Czech Republic.

Fully vaccinated visitors from the United States can enter the Czech Republic without restrictions.",57.26% of population has been vaccinated
Democratic Republic of the Congo,COD,23.655976,-2.876871,Open with restrictions,Most visitors from the United States need to provide a negative COVID-19 test result to enter the Democratic Republic of the Congo.,0.11% of population has been vaccinated
Denmark,DNK,9.357947,56.264252,Open with restrictions,"Unvaccinated visitors from the United States will not be allowed to enter Denmark.

Fully vaccinated visitors from the United States can enter Denmark without restrictions.",76.87% of population has been vaccinated
Djibouti,DJI,42.182803,11.560073,Open with restrictions,"Unvaccinated visitors from the United States need to provide a negative COVID-19 test result and quarantine to enter Djibouti.

Vaccinated visitors from the United States can enter Djibouti with a negative COVID-19 test result.",6.59% of population has been vaccinated
Dominica,DMA,-61.350113,15.434742,Open with restrictions,Most visitors from the United States need to provide a negative COVID-19 test result and quarantine to enter Dominica.,37.14% of population has been vaccinated
Dominican Republic,DOM,-70.499109,18.898312,Open,Most visitors from the United States can enter the Dominican Republic without restrictions.,58.88% of population has been vaccinated
Ecuador,ECU,-78.370318,-1.447653,Open with restrictions,"Unvaccinated visitors from the United States can enter Ecuador with a negative COVID-19 test result.

Fully vaccinated visitors from the United States can enter Ecuador without restrictions.",65.97% of population has been vaccinated
Egypt,EGY,29.776611,26.5826,Open with restrictions,"Unvaccinated visitors from the United States can enter Egypt with a negative COVID-19 test result.

Fully vaccinated visitors from the United States can enter Egypt without restrictions.",13.00% of population has been vaccinated
El Salvador,SLV,-88.866407,13.733507,Open with restrictions,"Unvaccinated visitors from the United States can enter El Salvador with a negative COVID-19 test result.

Fully vaccinated visitors from the United States can enter El Salvador without restrictions.",65.15% of population has been vaccinated
Equatorial Guinea,GNQ,10.46817,1.567542,Open with restrictions,Most visitors from the United States need to provide a negative COVID-19 test result and quarantine to enter Equatorial Guinea.,16.47% of population has been vaccinated
Eritrea,ERI,38.110583,16.128858,Closed,"Most visitors from the United States will not be allowed to enter Eritrea.
",
Estonia,EST,25.837845,58.683671,Open with restrictions,"Unvaccinated visitors from the United States will not be allowed to enter Estonia.

Fully vaccinated visitors from the United States can enter Estonia without restrictions.",58.48% of population has been vaccinated
Eswatini,SWZ,31.501493,-26.56471,Closed,Most visitors from the United States will not be allowed to enter Eswatini.,
Ethiopia,ETH,39.635053,8.631222,Open with restrictions,"Unvaccinated visitors from the United States need to provide a negative COVID-19 test result and quarantine to enter Ethiopia.

Vaccinated visitors from the United States can enter Ethiopia with a negative COVID-19 test result.",2.58% of population has been vaccinated
Falkland Islands (Malvinas),FLK,-58.753229,-51.741167,Closed,Most visitors from the United States will not be allowed to enter Falkland Islands (Islas Malvinas).,74.60% of population has been vaccinated
Faroe Islands,FRO,-7.12897,62.204737,Open with restrictions,"Unvaccinated visitors from the United States can enter the Faroe Islands with a negative COVID-19 test result.

Vaccinated visitors from the United States need to quarantine to enter the Faroe Islands.",79.63% of population has been vaccinated
Fiji,FJI,177.964016,-17.835777,Open with restrictions,"Unvaccinated visitors from the United States will not be allowed to enter Fiji.

Vaccinated visitors from the United States can enter Fiji with a negative COVID-19 test result.",68.64% of population has been vaccinated
Finland,FIN,23.308447,61.915867,Open with restrictions,"Unvaccinated visitors from the United States will not be allowed to enter Finland.

Fully vaccinated visitors from the United States can enter Finland without restrictions.",75.54% of population has been vaccinated
France,FRA,2.45652,46.627084,Open with restrictions,"Unvaccinated visitors from the United States will not be allowed to enter France.

Fully vaccinated visitors from the United States can enter France without restrictions.",75.37% of population has been vaccinated
French Guiana,GUF,-53.236712,3.921491,Closed,Most visitors from the United States will not be allowed to enter French Guiana.,
French Polynesia,PYF,-149.40089,-17.677522,Open with restrictions,"Unvaccinated visitors from the United States will not be allowed to enter French Polynesia.

Vaccinated visitors from the United States can enter French Polynesia with a negative COVID-19 test result.",54.96% of population has been vaccinated
Gabon,GAB,11.800744,-0.606228,Open with restrictions,"Unvaccinated visitors from the United States need to provide a negative COVID-19 test result and quarantine to enter Gabon.

Vaccinated visitors from the United States can enter Gabon with a negative COVID-19 test result.",5.27% of population has been vaccinated
Gambia,GMB,-15.39888,13.453329,Open with restrictions,Most visitors from the United States need to provide a negative COVID-19 test result to enter the Gambia.,7.43% of population has been vaccinated
Georgia,GEO,43.371361,42.04813,Open with restrictions,"Unvaccinated visitors from the United States can enter Georgia with a negative COVID-19 test result.

Fully vaccinated visitors from the United States can enter Georgia without restrictions.",25.47% of population has been vaccinated
Germany,DEU,10.380614,51.08868,Open with restrictions,"Unvaccinated visitors from the United States will not be allowed to enter Germany.

Fully vaccinated visitors from the United States can enter Germany without restrictions.",68.39% of population has been vaccinated
Ghana,GHA,-1.205759,7.965053,Open with restrictions,Most visitors from the United States need to provide a negative COVID-19 test result to enter Ghana.,4.32% of population has been vaccinated
Greece,GRC,22.583055,39.473008,Open with restrictions,"Unvaccinated visitors from the United States can enter Greece with a negative COVID-19 test result.

Fully vaccinated visitors from the United States can enter Greece without restrictions.",63.31% of population has been vaccinated
Greenland,GRL,-41.393713,74.756257,Open with restrictions,"Unvaccinated visitors from the United States will not be allowed to enter Greenland.

Fully vaccinated visitors from the United States can enter Greenland without restrictions.",70.40% of population has been vaccinated
Grenada,GRD,-61.683617,12.11436,Open with restrictions,"Unvaccinated visitors from the United States will not be allowed to enter Grenada.

Vaccinated visitors from the United States need to provide a negative COVID-19 test result and quarantine to enter Grenada.",32.52% of population has been vaccinated
Guadeloupe,GLP,-61.679736,16.159503,Open with restrictions,"Unvaccinated visitors from the United States will not be allowed to enter Guadeloupe.

Vaccinated visitors from the United States can enter Guadeloupe with a negative COVID-19 test result.",
Guam,GUM,144.702964,13.35781,Open with restrictions,"Unvaccinated visitors from the United States need to quarantine to enter Guam.

Fully vaccinated visitors from the United States can enter Guam without restrictions.",
Guatemala,GTM,-91.231217,15.003765,Open with restrictions,"Unvaccinated visitors from the United States can enter Guatemala with a negative COVID-19 test result.

Fully vaccinated visitors from the United States can enter Guatemala without restrictions.",28.02% of population has been vaccinated
Guinea,GIN,-11.280731,11.005651,Closed,"Most visitors from the United States will not be allowed to enter Guinea.
",10.16% of population has been vaccinated
Guinea-Bissau,GNB,-14.400762,12.117902,Open with restrictions,Most visitors from the United States need to provide a negative COVID-19 test result and quarantine to enter Guinea-Bissau.,5.55% of population has been vaccinated
Guyana,GUY,-58.972763,4.792405,Open with restrictions,Most visitors from the United States need to provide a negative COVID-19 test result to enter Guyana.,46.80% of population has been vaccinated
Haiti,HTI,-73.051343,18.321716,Open with restrictions,Most visitors from the United States need to provide a negative COVID-19 test result to enter Haiti.,0.64% of population has been vaccinated
Honduras,HND,-86.613529,14.820544,Open with restrictions,"Unvaccinated visitors from the United States can enter Honduras with a negative COVID-19 test result.

Fully vaccinated visitors from the United States can enter Honduras without restrictions.",34.99% of population has been vaccinated
Hong Kong,HKG,114.026644,22.397976,Closed,Most visitors from the United States will not be allowed to enter Hong Kong.,60.55% of population has been vaccinated
Hungary,HUN,19.412215,47.16514,Open with restrictions,"Unvaccinated visitors from the United States need to provide a negative COVID-19 test result and quarantine to enter Hungary.

Fully vaccinated visitors from the United States can enter Hungary without restrictions.",61.54% of population has been vaccinated
Iceland,ISL,-19.013973,64.790408,Open with restrictions,"Unvaccinated visitors from the United States need to provide a negative COVID-19 test result and quarantine to enter Iceland.

Vaccinated visitors from the United States can enter Iceland with a negative COVID-19 test result.",82.23% of population has been vaccinated
India,IND,79.357702,22.348341,Closed,Most visitors from the United States will not be allowed to enter India.,50.66% of population has been vaccinated
Indonesia,IDN,113.914701,-0.989601,Open with restrictions,"Unvaccinated visitors from the United States will not be allowed to enter Indonesia.

Vaccinated visitors from the United States need to provide a negative COVID-19 test result and quarantine to enter Indonesia.",39.73% of population has been vaccinated
Iran ,IRN,54.198056,32.741278,Open with restrictions,Most visitors from the United States need to provide a negative COVID-19 test result and quarantine to enter Iran.,57.58% of population has been vaccinated
Iraq,IRQ,43.766062,33.050139,Open with restrictions,Most visitors from the United States need to provide a negative COVID-19 test result and quarantine to enter Iraq.,12.78% of population has been vaccinated
Ireland,IRL,-7.121425,53.252771,Open with restrictions,"Unvaccinated visitors from the United States need to provide a negative COVID-19 test result and quarantine to enter Ireland.

Fully vaccinated visitors from the United States can enter Ireland without restrictions.",76.11% of population has been vaccinated
Israel,ISR,34.62278,31.061646,Open with restrictions,Most visitors from the United States will not be allowed to enter Israel.,70.68% of population has been vaccinated
Italy,ITA,12.573635,42.793176,Open with restrictions,"Unvaccinated visitors from the United States need to provide a negative COVID-19 test result and quarantine to enter Italy.

Vaccinated visitors from the United States can enter Italy with a negative COVID-19 test result.",76.80% of population has been vaccinated
Jamaica,JAM,-77.310683,18.157878,Open with restrictions,Most visitors from the United States need to provide a negative COVID-19 test result and quarantine to enter Jamaica.,19.22% of population has been vaccinated
Japan,JPN,139.27161,36.655454,Closed,Most visitors from the United States will not be allowed to enter Japan.,76.32% of population has been vaccinated
Jersey,JEY,-2.132466,49.224292,Open with restrictions,Most visitors from the United States need to provide a negative COVID-19 test result and quarantine to enter Jersey.,77.43% of population has been vaccinated
Jordan,JOR,37.129891,30.653807,Open with restrictions,Most visitors from the United States need to provide a negative COVID-19 test result to enter Jordan.,37.44% of population has been vaccinated
Kazakhstan,KAZ,66.653592,48.019634,Closed,Most visitors from the United States will not be allowed to enter Kazakhstan.,42.53% of population has been vaccinated
Kenya,KEN,37.861019,0.53472,Open with restrictions,Most visitors from the United States need to provide a negative COVID-19 test result to enter Kenya.,6.15% of population has been vaccinated
Kiribati,KIR,-157.36432,1.85776,Closed,Most visitors from the United States will not be allowed to enter Kiribati.,35.46% of population has been vaccinated
Kosovo,RKS,20.966191,42.467542,Open with restrictions,"Unvaccinated visitors from the United States can enter Kosovo with a negative COVID-19 test result.

Fully vaccinated visitors from the United States can enter Kosovo without restrictions.",61.64% of population has been vaccinated
Kuwait,KWT,47.492598,29.53972,Closed,Most visitors from the United States will not be allowed to enter Kuwait.,
Kyrgyzstan,KGZ,74.523246,41.462046,Open with restrictions,Most visitors from the United States need to provide a negative COVID-19 test result to enter Kyrgyzstan.,14.03% of population has been vaccinated
Laos,LAO,101.990197,20.274828,Closed,Most visitors from the United States will not be allowed to enter Laos.,41.89% of population has been vaccinated
Latvia,LVA,26.424619,56.641966,Open with restrictions,"Unvaccinated visitors from the United States will not be allowed to enter Latvia.

Fully vaccinated visitors from the United States can enter Latvia without restrictions.",55.96% of population has been vaccinated
Lebanon,LBN,35.894185,33.921586,Open with restrictions,"Unvaccinated visitors from the United States can enter Lebanon with a negative COVID-19 test result.

Fully vaccinated visitors from the United States can enter Lebanon without restrictions.",25.37% of population has been vaccinated
Lesotho,LSO,28.247043,-29.58314,Closed,Most visitors from the United States will not be allowed to enter Lesotho.,16.11% of population has been vaccinated
Liberia,LBR,-9.311921,6.448469,Open with restrictions,Most visitors from the United States need to provide a negative COVID-19 test result and quarantine to enter Liberia.,1.63% of population has been vaccinated
Libya,LBY,18.029942,27.038767,Closed,Most visitors from the United States will not be allowed to enter Libya.,21.09% of population has been vaccinated
Liechtenstein,LIE,9.552985,47.14167,Closed,Most visitors from the United States will not be allowed to enter Liechtenstein.,64.80% of population has been vaccinated
Lithuania,LTU,23.905248,55.336787,Open with restrictions,"Unvaccinated visitors from the United States will not be allowed to enter Lithuania.

Fully vaccinated visitors from the United States can enter Lithuania without restrictions.",66.43% of population has been vaccinated
Luxembourg,LUX,6.092653,49.776797,Open with restrictions,"Unvaccinated visitors from the United States can enter Luxembourg with a negative COVID-19 test result.

Fully vaccinated visitors from the United States can enter Luxembourg without restrictions.",66.91% of population has been vaccinated
Macau,MAC,113.547149,22.196997,Closed,Most visitors from the United States will not be allowed to enter Macau.,64.59% of population has been vaccinated
Madagascar,MDG,46.696474,-19.382363,Closed,Most visitors from the United States will not be allowed to enter Madagascar.,0.69% of population has been vaccinated
Malawi,MWI,33.488462,-13.408199,Closed,Most visitors from the United States will not be allowed to enter Malawi.,4.58% of population has been vaccinated
Malaysia,MYS,116.834631,5.452415,Closed,Most visitors from the United States will not be allowed to enter Malaysia.,77.15% of population has been vaccinated
Maldives,MDV,73.545949,1.92666,Open with restrictions,Most visitors from the United States need to provide a negative COVID-19 test result to enter the Maldives.,72.43% of population has been vaccinated
Mali,MLI,-3.527933,17.358919,Open with restrictions,Most visitors from the United States need to provide a negative COVID-19 test result to enter Mali.,1.57% of population has been vaccinated
Malta,MLT,14.440213,35.888112,Open with restrictions,"Unvaccinated visitors from the United States can enter Malta with a negative COVID-19 test result.

Fully vaccinated visitors from the United States can enter Malta without restrictions.",82.89% of population has been vaccinated
Marshall Islands,MHL,168.111299,5.617142,Closed,Most visitors from the United States will not be allowed to enter the Marshall Islands.,
Martinique,MTQ,-60.914458,14.566542,Open with restrictions,"Unvaccinated visitors from the United States will not be allowed to enter Martinique.

Vaccinated visitors from the United States can enter Martinique with a negative COVID-19 test result.",
Mauritania,MRT,-10.340357,20.263334,Open with restrictions,Most visitors from the United States need to provide a negative COVID-19 test result to enter Mauritania.,14.91% of population has been vaccinated
Mauritius,MUS,57.572082,-20.283505,Open with restrictions,"Unvaccinated visitors from the United States need to provide a negative COVID-19 test result and quarantine to enter Mauritius.

Vaccinated visitors from the United States can enter Mauritius with a negative COVID-19 test result.",69.25% of population has been vaccinated
Mayotte,MYT,45.14408,-12.823484,Closed,Most visitors from the United States will not be allowed to enter Mayotte.,
Mexico,MEX,-102.52608,23.944025,Open,Most visitors from the United States can enter Mexico without restrictions.,53.34% of population has been vaccinated
Mongolia,MNG,103.069763,46.836428,Closed,Most visitors from the United States will not be allowed to enter Mongolia.,67.71% of population has been vaccinated
Montenegro,MNE,19.252232,42.78762,Open with restrictions,"Unvaccinated visitors from the United States can enter Montenegro with a negative COVID-19 test result.

Fully vaccinated visitors from the United States can enter Montenegro without restrictions.",40.43% of population has been vaccinated
Montserrat,MSR,-62.189766,16.739531,Closed,Most visitors from the United States will not be allowed to enter Montserrat.,
Morocco,MAR,-6.281337,31.841712,Open with restrictions,"Unvaccinated visitors from the United States can enter Morocco with a negative COVID-19 test result.

Fully vaccinated visitors from the United States can enter Morocco without restrictions.",62.22% of population has been vaccinated
Mozambique,MOZ,38.182474,-14.279733,Open with restrictions,Most visitors from the United States need to provide a negative COVID-19 test result to enter Mozambique.,6.14% of population has been vaccinated
Myanmar,MMR,96.517823,21.201016,Closed,Most visitors from the United States will not be allowed to enter Myanmar.,15.31% of population has been vaccinated
Namibia,NAM,17.22161,-22.138825,Open with restrictions,Most visitors from the United States need to provide a negative COVID-19 test result to enter Namibia.,11.05% of population has been vaccinated
Nauru,NRU,166.934165,-0.5285,Closed,Most visitors from the United States will not be allowed to enter Nauru.,70.01% of population has been vaccinated
Nepal,NPL,83.946789,28.258663,Open with restrictions,"Unvaccinated visitors from the United States will not be allowed to enter Nepal.

Vaccinated visitors from the United States can enter Nepal with a negative COVID-19 test result.",28.36% of population has been vaccinated
Netherlands,NLD,5.331481,51.867289,Open with restrictions,"Unvaccinated visitors from the United States will not be allowed to enter the Netherlands.

Vaccinated visitors from the United States can enter the Netherlands with a negative COVID-19 test result.",75.43% of population has been vaccinated
New Caledonia,NCL,165.514337,-21.410423,Closed,Most visitors from the United States will not be allowed to enter New Caledonia.,59.47% of population has been vaccinated
New Zealand,NZL,170.475567,-43.987216,Closed,Most visitors from the United States will not be allowed to enter New Zealand.,74.15% of population has been vaccinated
Nicaragua,NIC,-85.038304,12.845729,Open with restrictions,Most visitors from the United States need to provide a negative COVID-19 test result to enter Nicaragua.,10.02% of population has been vaccinated
Niger,NER,9.403063,17.423744,Open with restrictions,Most visitors from the United States need to provide a negative COVID-19 test result and quarantine to enter Niger.,1.91% of population has been vaccinated
Nigeria,NGA,8.111462,9.619246,Open with restrictions,Most visitors from the United States need to provide a negative COVID-19 test result and quarantine to enter Nigeria.,2.53% of population has been vaccinated
North Macedonia,MKD,21.700791,41.60048,Open with restrictions,"Unvaccinated visitors from the United States can enter North Macedonia with a negative COVID-19 test result.

Fully vaccinated visitors from the United States can enter North Macedonia without restrictions.",38.48% of population has been vaccinated
Northern Mariana Islands,MNP,145.753646,15.188972,Open with restrictions,Most visitors from the United States need to provide a negative COVID-19 test result to enter the Northern Mariana Islands.,
Norway,NOR,11.478464,61.343111,Closed,Most visitors from the United States will not be allowed to enter Norway.,76.72% of population has been vaccinated
Oman,OMN,57.879121,21.990536,Open with restrictions,"Unvaccinated visitors from the United States will not be allowed to enter Oman.

Vaccinated visitors from the United States can enter Oman with a negative COVID-19 test result.",56.66% of population has been vaccinated
Pakistan,PAK,68.808093,29.37884,Open with restrictions,Most visitors from the United States need to provide a negative COVID-19 test result to enter Pakistan.,30.01% of population has been vaccinated
Palau,PLW,134.56581,7.499895,Open with restrictions,"Unvaccinated visitors from the United States will not be allowed to enter Palau.

Vaccinated visitors from the United States need to provide a negative COVID-19 test result and quarantine to enter Palau.",
Panama,PAN,-80.09271,8.520588,Open with restrictions,"Unvaccinated visitors from the United States need to provide a negative COVID-19 test result and quarantine to enter Panama.

Fully vaccinated visitors from the United States can enter Panama without restrictions.",67.64% of population has been vaccinated
Papua New Guinea,PNG,145.859066,-6.758285,Closed,Most visitors from the United States will not be allowed to enter Papua New Guinea.,1.47% of population has been vaccinated
Paraguay,PRY,-60.548542,-21.702162,Open with restrictions,"Unvaccinated visitors from the United States need to provide a negative COVID-19 test result and quarantine to enter Paraguay.

Vaccinated visitors from the United States can enter Paraguay with a negative COVID-19 test result.",39.73% of population has been vaccinated
Peru,PER,-71.821304,-13.590187,Open with restrictions,"Unvaccinated visitors from the United States can enter Peru with a negative COVID-19 test result.

Fully vaccinated visitors from the United States can enter Peru without restrictions.",53.69% of population has been vaccinated
Philippines,PHL,120.861863,14.16474,Closed,Most visitors from the United States will not be allowed to enter the Philippines.,25.07% of population has been vaccinated
Poland,POL,19.406603,52.122668,Open with restrictions,"Unvaccinated visitors from the United States need to provide a negative COVID-19 test result and quarantine to enter Poland.

Fully vaccinated visitors from the United States can enter Poland without restrictions.",53.09% of population has been vaccinated
Portugal,PRT,-7.961526,39.685014,Open with restrictions,"Unvaccinated visitors from the United States can enter Portugal with a negative COVID-19 test result.

Fully vaccinated visitors from the United States can enter Portugal without restrictions.",88.47% of population has been vaccinated
Puerto Rico,PRI,-66.479397,18.224744,Open with restrictions,"Unvaccinated visitors from the United States can enter Puerto Rico with a negative COVID-19 test result.

Fully vaccinated visitors from the United States can enter Puerto Rico without restrictions.",
Qatar,QAT,51.193104,25.286199,Open with restrictions,"Unvaccinated visitors from the United States will not be allowed to enter Qatar.

Vaccinated visitors from the United States can enter Qatar with a negative COVID-19 test result.",80.54% of population has been vaccinated
Réunion,REU,55.532473,-21.133149,Open with restrictions,"Unvaccinated visitors from the United States will not be allowed to enter Réunion.

Fully vaccinated visitors from the United States can enter Réunion without restrictions.",
Romania,ROU,24.984983,45.838878,Open with restrictions,"Unvaccinated visitors from the United States need to quarantine to enter Romania.

Fully vaccinated visitors from the United States can enter Romania without restrictions.
",34.61% of population has been vaccinated
Russia,RUS,99.014058,61.618998,Open with restrictions,"Unvaccinated visitors from the United States need to provide a negative COVID-19 test result and quarantine to enter Russia.

Vaccinated visitors from the United States can enter Russia with a negative COVID-19 test result.",35.61% of population has been vaccinated
Rwanda,RWA,29.923106,-1.999837,Open with restrictions,Most visitors from the United States need to provide a negative COVID-19 test result and quarantine to enter Rwanda.,22.06% of population has been vaccinated
Saint Barthélemy,BLM,-62.831638,17.896055,Open with restrictions,"Unvaccinated visitors from the United States will not be allowed to enter Saint Barthélemy.

Vaccinated visitors from the United States can enter Saint Barthélemy with a negative COVID-19 test result.",
Saint Kitts and Nevis,KNA,-62.765706,17.33978,Open with restrictions,Most visitors from the United States need to provide a negative COVID-19 test result and quarantine to enter Saint Kitts and Nevis.,49.02% of population has been vaccinated
Saint Lucia,LCA,-60.967282,13.898456,Open with restrictions,"Unvaccinated visitors from the United States need to provide a negative COVID-19 test result and quarantine to enter Saint Lucia.

Vaccinated visitors from the United States can enter Saint Lucia with a negative COVID-19 test result.",26.80% of population has been vaccinated
Saint Martin,MAF,-63.049372,18.082975,Open with restrictions,"Unvaccinated visitors from the United States need to provide a negative COVID-19 test result and quarantine to enter Saint Martin.

Vaccinated visitors from the United States can enter Saint Martin with a negative COVID-19 test result.",
Saint Vincent and the Grenadines,VCT,-61.189064,13.251505,Open with restrictions,Most visitors from the United States need to provide a negative COVID-19 test result and quarantine to enter Saint Vincent and the Grenadines.,20.78% of population has been vaccinated
Samoa,WSM,-172.44726,-13.620773,Closed,Most visitors from the United States will not be allowed to enter Samoa.,57.64% of population has been vaccinated
Sao Tome and Principe,STP,6.602138,0.239483,Open with restrictions,Most visitors from the United States need to provide a negative COVID-19 test result to enter São Tomé and Príncipe.,33.95% of population has been vaccinated
Saudi Arabia,SAU,44.547567,24.125926,Open with restrictions,"Unvaccinated visitors from the United States need to provide a negative COVID-19 test result and quarantine to enter Saudi Arabia.

Vaccinated visitors from the United States can enter Saudi Arabia with a negative COVID-19 test result.",67.89% of population has been vaccinated
Senegal,SEN,-14.446465,14.366687,Open with restrictions,Most visitors from the United States need to provide a negative COVID-19 test result to enter Senegal.,7.45% of population has been vaccinated
Serbia,SRB,20.803944,44.032994,Open with restrictions,"Unvaccinated visitors from the United States can enter Serbia with a negative COVID-19 test result.

Fully vaccinated visitors from the United States can enter Serbia without restrictions.",44.46% of population has been vaccinated
Seychelles,SYC,55.467266,-4.678402,Open with restrictions,"Most visitors from the United States need to provide a negative COVID-19 test result to enter Seychelles.

",81.48% of population has been vaccinated
Sierra Leone,SLE,-11.779615,8.569795,Open with restrictions,"Unvaccinated visitors from the United States can enter Sierra Leone with a negative COVID-19 test result.

Fully vaccinated visitors from the United States can enter Sierra Leone without restrictions.",3.91% of population has been vaccinated
Singapore,SGP,103.810539,1.357382,Closed,Most visitors from the United States will not be allowed to enter Singapore.,80.43% of population has been vaccinated
Slovakia,SVK,19.484954,48.707416,Open with restrictions,"Unvaccinated visitors from the United States need to quarantine to enter Slovakia.

Fully vaccinated visitors from the United States can enter Slovakia without restrictions.",45.55% of population has been vaccinated
Slovenia,SVN,14.822232,46.119709,Open with restrictions,"Unvaccinated visitors from the United States can enter Slovenia with a negative COVID-19 test result.

Fully vaccinated visitors from the United States can enter Slovenia without restrictions.",56.77% of population has been vaccinated
Solomon Islands,SLB,160.160046,-9.622475,Open with restrictions,Most visitors from the United States need to provide a negative COVID-19 test result and quarantine to enter the Solomon Islands.,16.11% of population has been vaccinated
Somalia,SOM,46.204698,4.409471,Open with restrictions,Most visitors from the United States need to provide a negative COVID-19 test result to enter Somalia.,2.17% of population has been vaccinated
South Africa,ZAF,24.669618,-29.999172,Open with restrictions,Most visitors from the United States need to provide a negative COVID-19 test result to enter South Africa.,23.84% of population has been vaccinated
South Korea,KOR,127.7669,35.9078,Closed,Most visitors from the United States will not be allowed to enter South Korea.,79.10% of population has been vaccinated
South Sudan,SSD,30.326187,7.290839,Open with restrictions,Most visitors from the United States need to provide a negative COVID-19 test result and quarantine to enter South Sudan.,0.74% of population has been vaccinated
Spain,ESP,-3.553995,40.392124,Open with restrictions,"Unvaccinated visitors from the United States will not be allowed to enter Spain.

Fully vaccinated visitors from the United States can enter Spain without restrictions.",81.10% of population has been vaccinated
Sri Lanka,LKA,80.702028,7.610407,Open with restrictions,"Unvaccinated visitors from the United States need to provide a negative COVID-19 test result and quarantine to enter Sri Lanka.

Vaccinated visitors from the United States can enter Sri Lanka with a negative COVID-19 test result.",68.79% of population has been vaccinated
Sudan,SDN,29.957256,16.026819,Open with restrictions,Most visitors from the United States need to provide a negative COVID-19 test result to enter Sudan.,1.45% of population has been vaccinated
Suriname,SUR,-55.905196,4.1356,Open with restrictions,"Unvaccinated visitors from the United States will not be allowed to enter Suriname.

Vaccinated visitors from the United States can enter Suriname with a negative COVID-19 test result.",41.21% of population has been vaccinated
Sweden,SWE,14.377534,60.601031,Closed,Most visitors from the United States will not be allowed to enter Sweden.,71.12% of population has been vaccinated
Switzerland,CHE,8.223234,46.9685,Open with restrictions,"Unvaccinated visitors from the United States will not be allowed to enter Switzerland.

Fully vaccinated visitors from the United States can enter Switzerland without restrictions.",64.87% of population has been vaccinated
Syria,SYR,38.498069,35.017584,Closed,Most visitors from the United States will not be allowed to enter Syria.,3.73% of population has been vaccinated
Taiwan,TWN,120.969668,23.750541,Closed,Most visitors from the United States will not be allowed to enter Taiwan.,63.84% of population has been vaccinated
Tajikistan,TJK,69.294998,38.430697,Open with restrictions,Most visitors from the United States need to provide a negative COVID-19 test result to enter Tajikistan.,25.79% of population has been vaccinated
Thailand,THA,101.020295,15.130893,Open with restrictions,Most visitors from the United States need to provide a negative COVID-19 test result and quarantine to enter Thailand.,52.83% of population has been vaccinated
Togo,TGO,0.978236,8.532744,Open with restrictions,Most visitors from the United States need to provide a negative COVID-19 test result and quarantine to enter Togo.,10.23% of population has been vaccinated
Tonga,TON,-175.27529,-21.159087,Closed,Most visitors from the United States will not be allowed to enter Tonga.,46.66% of population has been vaccinated
Trinidad and Tobago,TTO,-61.296613,10.423121,Open with restrictions,"Unvaccinated visitors from the United States will not be allowed to enter Trinidad and Tobago.

Vaccinated visitors from the United States can enter Trinidad and Tobago with a negative COVID-19 test result.",43.77% of population has been vaccinated
Tunisia,TUN,9.560349,33.774827,Open with restrictions,"Unvaccinated visitors from the United States need to provide a negative COVID-19 test result and quarantine to enter Tunisia.

Vaccinated visitors from the United States can enter Tunisia with a negative COVID-19 test result.",45.52% of population has been vaccinated
Turkey,TUR,35.432387,38.988934,Open with restrictions,"Unvaccinated visitors from the United States can enter Turkey with a negative COVID-19 test result.

Fully vaccinated visitors from the United States can enter Turkey without restrictions.",64.69% of population has been vaccinated
Turkmenistan,TKM,58.978766,40.091235,Closed,Most visitors from the United States will not be allowed to enter Turkmenistan.,71.51% of population has been vaccinated
Turks and Caicos Islands,TCA,-72.002714,21.928412,Open with restrictions,"Unvaccinated visitors from the United States will not be allowed to enter the Turks and Caicos Islands.

Vaccinated visitors from the United States can enter the Turks and Caicos Islands with a negative COVID-19 test result.",72.16% of population has been vaccinated
Tuvalu,TUV,177.152792,-7.222228,Open with restrictions,"Unvaccinated visitors from the United States need to provide a negative COVID-19 test result and quarantine to enter Tuvalu.

Vaccinated visitors from the United States can enter Tuvalu with a negative COVID-19 test result.",52.07% of population has been vaccinated
Uganda,UGA,32.391004,1.279556,Open with restrictions,Most visitors from the United States need to provide a negative COVID-19 test result to enter Uganda.,5.05% of population has been vaccinated
Ukraine,UKR,31.40147,49.005714,Open with restrictions,"Unvaccinated visitors from the United States need to provide a negative COVID-19 test result and quarantine to enter Ukraine.

Fully vaccinated visitors from the United States can enter Ukraine without restrictions.",19.26% of population has been vaccinated
United Arab Emirates,ARE,53.982339,23.434112,Open with restrictions,"Unvaccinated visitors from the United States need to provide a negative COVID-19 test result and quarantine to enter the United Arab Emirates.

Vaccinated visitors from the United States can enter the United Arab Emirates with a negative COVID-19 test result.",95.63% of population has been vaccinated
United Kingdom ,GBR,-0.239652,52.24861,Open with restrictions,"Unvaccinated visitors from the United States need to provide a negative COVID-19 test result and quarantine to enter the United Kingdom.

Fully vaccinated visitors from the United States can enter the United Kingdom without restrictions.",72.58% of population has been vaccinated
Uruguay,URY,-56.017306,-32.796996,Closed,Most visitors from the United States will not be allowed to enter Uruguay.,79.02% of population has been vaccinated
Uzbekistan,UZB,63.119445,41.775605,Open with restrictions,Most visitors from the United States need to provide a negative COVID-19 test result to enter Uzbekistan.,38.13% of population has been vaccinated
Vanuatu,VUT,166.872606,-15.241809,Closed,Most visitors from the United States will not be allowed to enter Vanuatu.,18.83% of population has been vaccinated
Venezuela,VEN,-66.154434,7.122874,Open with restrictions,Most visitors from the United States need to provide a negative COVID-19 test result to enter Venezuela.,34.58% of population has been vaccinated
Vietnam,VNM,105.802499,10.096431,Closed,Most visitors from the United States will not be allowed to enter Vietnam.,48.89% of population has been vaccinated
Wallis and Futuna,WLF,-176.20431,-13.285184,Closed,Most visitors from the United States will not be allowed to enter Wallis and Futuna.,52.11% of population has been vaccinated
Western Sahara,ESH,-13.135324,24.662235,Closed,Most visitors from the United States will not be allowed to enter Western Sahara.,
Yemen,YEM,45.226272,15.225552,Closed,Most visitors from the United States will not be allowed to enter Yemen.,1.01% of population has been vaccinated
Zambia,ZMB,27.854152,-14.594525,Open with restrictions,Most visitors from the United States need to provide a negative COVID-19 test result to enter Zambia.,1.64% of population has been vaccinated
Zimbabwe,ZWE,29.869096,-19.000755,Open with restrictions,Most visitors from the United States need to provide a negative COVID-19 test result and quarantine to enter Zimbabwe.,21.58% of population has been vaccinated